beneficiary_id,ngo_id,program_id,beneficiary_name,gender,age,district,village,enrollment_date,is_active
1,1,3,Student 1,Male,6,Ghaziabad,Village C,2026-02-07,True
2,1,1,Student 2,Other,7,Ghaziabad,Village E,2026-04-29,False
3,1,1,Student 3,Male,7,South Delhi,Village B,2025-09-27,True
4,1,3,Student 4,Male,17,Ghaziabad,Village E,2025-11-10,True
5,1,2,Student 5,Other,10,North Delhi,Village B,2025-11-08,True
6,1,2,Student 6,Male,9,East Delhi,Village A,2026-04-26,False
7,1,1,Student 7,Female,11,Noida,Village C,2026-05-21,False
8,1,3,Student 8,Male,12,North Delhi,Village E,2026-01-13,True
9,1,3,Student 9,Male,17,North Delhi,Village A,2026-02-16,True
10,1,1,Student 10,Male,7,West Delhi,Village C,2025-10-23,True
11,1,1,Student 11,Female,11,South Delhi,Village C,2026-05-07,True
12,1,3,Student 12,Other,9,South Delhi,Village D,2025-11-30,True
13,1,3,Student 13,Other,14,South Delhi,Village C,2026-05-15,True
14,1,1,Student 14,Female,12,East Delhi,Village A,2026-02-24,True
15,1,1,Student 15,Other,13,West Delhi,Village D,2026-03-31,True
16,1,1,Student 16,Male,17,Noida,Village E,2026-01-29,False
17,1,3,Student 17,Female,11,South Delhi,Village B,2025-09-25,False
18,1,1,Student 18,Male,7,South Delhi,Village B,2025-11-08,True
19,1,2,Student 19,Female,15,West Delhi,Village E,2026-02-04,True
20,1,3,Student 20,Other,7,Ghaziabad,Village E,2026-01-27,True
21,1,1,Student 21,Female,12,South Delhi,Village D,2026-06-11,True
22,1,3,Student 22,Male,14,North Delhi,Village C,2025-09-26,True
23,1,1,Student 23,Female,18,South Delhi,Village E,2025-09-14,True
24,1,3,Student 24,Female,13,North Delhi,Village A,2025-12-09,True
25,1,1,Student 25,Male,9,Noida,Village A,2026-04-30,False
26,1,1,Student 26,Other,18,South Delhi,Village B,2025-10-12,True
27,1,2,Student 27,Other,15,West Delhi,Village B,2025-09-09,True
28,1,3,Student 28,Female,12,Ghaziabad,Village C,2025-10-31,False
29,1,1,Student 29,Male,9,North Delhi,Village C,2026-06-02,True
30,1,3,Student 30,Male,6,North Delhi,Village A,2026-02-15,True
31,1,1,Student 31,Female,7,Noida,Village B,2026-01-21,False
32,1,1,Student 32,Other,8,Ghaziabad,Village E,2025-08-21,False
33,1,1,Student 33,Female,18,West Delhi,Village B,2026-04-25,True
34,1,3,Student 34,Female,11,West Delhi,Village D,2025-10-16,True
35,1,3,Student 35,Other,16,North Delhi,Village A,2025-11-18,True
36,1,1,Student 36,Male,9,South Delhi,Village E,2025-10-26,True
37,1,2,Student 37,Male,10,West Delhi,Village B,2026-05-05,False
38,1,3,Student 38,Male,6,Ghaziabad,Village E,2026-06-05,True
39,1,1,Student 39,Male,12,West Delhi,Village D,2026-02-23,False
40,1,1,Student 40,Male,12,North Delhi,Village D,2026-01-28,False
41,1,2,Student 41,Female,17,Ghaziabad,Village E,2025-10-06,True
42,1,1,Student 42,Female,9,North Delhi,Village E,2025-09-08,True
43,1,3,Student 43,Female,6,North Delhi,Village E,2025-10-11,True
44,1,1,Student 44,Other,7,South Delhi,Village A,2026-05-09,True
45,1,2,Student 45,Male,15,South Delhi,Village E,2026-05-23,True
46,1,2,Student 46,Other,15,Noida,Village E,2026-01-02,True
47,1,1,Student 47,Other,17,East Delhi,Village B,2026-01-28,False
48,1,1,Student 48,Other,16,East Delhi,Village D,2026-01-02,True
49,1,1,Student 49,Female,15,Noida,Village A,2026-05-06,True
50,1,3,Student 50,Female,8,East Delhi,Village A,2026-02-07,True
51,1,2,Student 51,Male,13,Noida,Village C,2025-09-15,True
52,1,3,Student 52,Other,10,Ghaziabad,Village A,2026-04-05,True
53,1,1,Student 53,Male,17,Noida,Village B,2026-01-24,True
54,1,3,Student 54,Male,17,East Delhi,Village B,2026-01-28,False
55,1,2,Student 55,Male,7,Ghaziabad,Village D,2026-01-22,True
56,1,1,Student 56,Female,18,South Delhi,Village C,2026-03-22,False
57,1,3,Student 57,Other,12,Noida,Village A,2026-04-16,True
58,1,3,Student 58,Male,14,North Delhi,Village C,2025-08-18,True
59,1,2,Student 59,Male,6,East Delhi,Village C,2026-05-23,True
60,1,1,Student 60,Other,9,Ghaziabad,Village A,2025-12-13,False
61,1,3,Student 61,Other,8,South Delhi,Village B,2026-03-14,False
62,1,1,Student 62,Male,17,East Delhi,Village D,2026-02-05,True
63,1,1,Student 63,Other,7,West Delhi,Village A,2025-10-15,True
64,1,1,Student 64,Female,11,East Delhi,Village B,2026-02-18,True
65,1,3,Student 65,Male,12,East Delhi,Village C,2026-05-08,True
66,1,2,Student 66,Other,14,West Delhi,Village E,2025-12-25,True
67,1,1,Student 67,Female,8,Noida,Village C,2026-05-24,True
68,1,3,Student 68,Female,11,Ghaziabad,Village C,2025-11-01,True
69,1,2,Student 69,Other,9,East Delhi,Village A,2025-11-01,True
70,1,3,Student 70,Other,16,Ghaziabad,Village B,2025-12-08,False
71,1,1,Student 71,Other,11,Noida,Village C,2026-04-10,True
72,1,3,Student 72,Female,16,West Delhi,Village C,2025-11-18,True
73,1,3,Student 73,Male,9,West Delhi,Village D,2026-03-15,True
74,1,2,Student 74,Other,6,East Delhi,Village C,2026-02-25,False
75,1,3,Student 75,Other,16,East Delhi,Village D,2025-10-29,False
76,1,3,Student 76,Male,14,West Delhi,Village B,2026-04-30,True
77,1,3,Student 77,Other,16,Noida,Village C,2026-04-26,True
78,1,3,Student 78,Female,9,South Delhi,Village B,2026-05-31,True
79,1,1,Student 79,Female,15,North Delhi,Village D,2025-11-12,True
80,1,3,Student 80,Other,12,West Delhi,Village D,2026-02-08,True
81,1,3,Student 81,Other,6,North Delhi,Village D,2026-02-20,True
82,1,3,Student 82,Other,13,North Delhi,Village E,2026-02-05,True
83,1,2,Student 83,Male,18,West Delhi,Village E,2025-08-30,True
84,1,2,Student 84,Other,17,Noida,Village D,2025-09-05,False
85,1,1,Student 85,Other,13,West Delhi,Village C,2026-02-06,True
86,1,3,Student 86,Female,16,South Delhi,Village C,2025-10-30,True
87,1,3,Student 87,Female,9,East Delhi,Village C,2025-12-31,True
88,1,1,Student 88,Male,9,West Delhi,Village B,2026-02-23,True
89,1,2,Student 89,Female,11,Noida,Village D,2025-11-12,True
90,1,1,Student 90,Female,12,Noida,Village A,2025-08-22,False
91,1,2,Student 91,Male,11,East Delhi,Village D,2025-11-10,True
92,1,2,Student 92,Male,10,West Delhi,Village D,2026-05-29,False
93,1,2,Student 93,Other,16,West Delhi,Village B,2025-10-16,True
94,1,3,Student 94,Other,6,West Delhi,Village E,2025-08-28,True
95,1,1,Student 95,Other,12,South Delhi,Village D,2026-03-11,True
96,1,2,Student 96,Female,11,South Delhi,Village D,2025-12-27,True
97,1,2,Student 97,Female,18,West Delhi,Village C,2026-05-02,False
98,1,1,Student 98,Other,14,North Delhi,Village C,2026-02-18,True
99,1,3,Student 99,Male,18,North Delhi,Village B,2026-03-02,True
100,1,3,Student 100,Male,9,South Delhi,Village D,2026-04-15,True
101,1,2,Student 101,Other,10,East Delhi,Village B,2026-04-15,True
102,1,2,Student 102,Male,15,North Delhi,Village C,2025-08-22,False
103,1,2,Student 103,Other,9,North Delhi,Village E,2026-02-08,True
104,1,3,Student 104,Female,16,Noida,Village A,2025-08-27,True
105,1,2,Student 105,Other,12,Ghaziabad,Village C,2026-05-08,True
106,1,1,Student 106,Female,13,North Delhi,Village D,2025-12-09,False
107,1,3,Student 107,Male,12,South Delhi,Village E,2026-01-25,False
108,1,2,Student 108,Female,17,Noida,Village C,2025-12-29,True
109,1,1,Student 109,Female,13,South Delhi,Village D,2025-08-25,False
110,1,2,Student 110,Male,13,East Delhi,Village B,2025-10-06,True
111,1,2,Student 111,Female,11,East Delhi,Village E,2026-01-22,True
112,1,3,Student 112,Male,7,South Delhi,Village D,2025-10-05,True
113,1,3,Student 113,Female,16,Ghaziabad,Village D,2025-10-26,True
114,1,1,Student 114,Female,9,West Delhi,Village B,2026-01-07,True
115,1,2,Student 115,Other,14,East Delhi,Village D,2025-09-04,True
116,1,2,Student 116,Other,13,East Delhi,Village C,2026-02-04,True
117,1,1,Student 117,Other,9,East Delhi,Village A,2025-09-11,True
118,1,1,Student 118,Male,17,West Delhi,Village C,2025-09-17,True
119,1,1,Student 119,Male,10,South Delhi,Village C,2026-03-13,True
120,1,1,Student 120,Other,14,South Delhi,Village C,2026-05-20,True
121,1,3,Student 121,Female,17,South Delhi,Village D,2026-04-21,True
122,1,3,Student 122,Female,13,West Delhi,Village D,2025-12-20,True
123,1,1,Student 123,Female,13,North Delhi,Village A,2025-11-19,False
124,1,1,Student 124,Other,16,Ghaziabad,Village A,2026-03-27,True
125,1,3,Student 125,Female,7,South Delhi,Village A,2025-08-31,False
126,1,3,Student 126,Other,18,Noida,Village B,2025-09-18,False
127,1,2,Student 127,Female,10,Noida,Village D,2026-01-07,True
128,1,3,Student 128,Other,7,South Delhi,Village B,2026-01-28,True
129,1,1,Student 129,Male,8,Noida,Village A,2026-03-24,True
130,1,2,Student 130,Female,17,Noida,Village D,2026-01-14,True
131,1,1,Student 131,Female,17,East Delhi,Village D,2026-05-07,True
132,1,2,Student 132,Other,15,Ghaziabad,Village B,2025-11-07,True
133,1,3,Student 133,Male,16,South Delhi,Village C,2026-04-01,True
134,1,1,Student 134,Male,18,East Delhi,Village E,2025-08-25,True
135,1,2,Student 135,Male,13,Ghaziabad,Village C,2025-11-18,True
136,1,3,Student 136,Other,13,West Delhi,Village A,2026-05-23,False
137,1,3,Student 137,Female,15,East Delhi,Village A,2026-04-27,True
138,1,3,Student 138,Other,15,North Delhi,Village C,2025-08-21,True
139,1,1,Student 139,Female,14,Ghaziabad,Village D,2026-01-21,True
140,1,3,Student 140,Female,16,West Delhi,Village A,2025-10-15,True
141,1,2,Student 141,Female,11,Ghaziabad,Village A,2026-03-22,True
142,1,2,Student 142,Other,13,East Delhi,Village D,2025-09-04,True
143,1,2,Student 143,Male,11,East Delhi,Village C,2026-04-14,False
144,1,3,Student 144,Male,16,Noida,Village D,2025-11-13,True
145,1,1,Student 145,Other,11,Noida,Village D,2025-10-29,True
146,1,1,Student 146,Female,14,South Delhi,Village C,2025-10-31,False
147,1,1,Student 147,Male,16,Noida,Village B,2026-03-23,True
148,1,3,Student 148,Male,14,West Delhi,Village A,2026-02-17,True
149,1,2,Student 149,Male,16,South Delhi,Village D,2026-01-14,True
150,1,2,Student 150,Female,13,South Delhi,Village D,2025-09-03,True
151,1,2,Student 151,Male,15,Noida,Village B,2026-05-08,True
152,1,2,Student 152,Female,18,Noida,Village C,2026-06-11,True
153,1,3,Student 153,Female,15,Noida,Village D,2026-03-28,False
154,1,3,Student 154,Female,11,East Delhi,Village E,2025-09-07,False
155,1,2,Student 155,Female,9,Ghaziabad,Village B,2025-08-24,False
156,1,1,Student 156,Female,6,East Delhi,Village D,2025-11-29,False
157,1,3,Student 157,Other,8,West Delhi,Village A,2026-04-09,True
158,1,1,Student 158,Female,7,Noida,Village D,2026-06-05,True
159,1,2,Student 159,Other,8,North Delhi,Village D,2026-01-28,True
160,1,3,Student 160,Other,12,Ghaziabad,Village A,2025-12-26,False
161,1,2,Student 161,Other,17,West Delhi,Village E,2026-05-25,True
162,1,1,Student 162,Other,16,East Delhi,Village B,2026-04-27,False
163,1,1,Student 163,Other,17,North Delhi,Village D,2026-03-19,True
164,1,1,Student 164,Male,11,North Delhi,Village C,2025-12-11,True
165,1,2,Student 165,Male,9,Noida,Village D,2025-08-27,True
166,1,1,Student 166,Male,7,Noida,Village D,2026-02-09,False
167,1,3,Student 167,Male,9,West Delhi,Village C,2025-10-20,True
168,1,3,Student 168,Male,18,West Delhi,Village C,2025-09-06,True
169,1,1,Student 169,Female,11,Noida,Village C,2025-11-07,True
170,1,2,Student 170,Female,9,West Delhi,Village D,2026-04-19,True
171,1,2,Student 171,Other,11,Noida,Village C,2026-01-12,True
172,1,3,Student 172,Female,10,North Delhi,Village E,2026-05-18,False
173,1,2,Student 173,Male,15,East Delhi,Village B,2026-03-07,True
174,1,3,Student 174,Other,18,Ghaziabad,Village B,2026-04-24,True
175,1,2,Student 175,Female,6,Noida,Village C,2026-04-06,True
176,1,2,Student 176,Female,17,West Delhi,Village B,2026-03-02,True
177,1,3,Student 177,Female,14,Noida,Village C,2026-03-20,True
178,1,2,Student 178,Female,17,East Delhi,Village A,2025-10-16,True
179,1,1,Student 179,Male,16,Ghaziabad,Village D,2025-08-31,True
180,1,1,Student 180,Female,6,East Delhi,Village E,2026-04-10,False
181,1,2,Student 181,Other,17,Ghaziabad,Village C,2025-08-17,False
182,1,3,Student 182,Female,7,Ghaziabad,Village B,2025-10-14,True
183,1,3,Student 183,Other,11,Noida,Village B,2026-05-11,False
184,1,3,Student 184,Female,16,West Delhi,Village A,2026-04-02,True
185,1,1,Student 185,Female,13,North Delhi,Village A,2026-02-12,True
186,1,2,Student 186,Female,11,Ghaziabad,Village E,2025-11-10,True
187,1,2,Student 187,Other,7,West Delhi,Village E,2025-11-16,True
188,1,1,Student 188,Other,11,South Delhi,Village D,2025-10-28,True
189,1,2,Student 189,Male,16,East Delhi,Village E,2025-12-11,True
190,1,2,Student 190,Female,9,North Delhi,Village D,2026-04-27,True
191,1,3,Student 191,Other,15,North Delhi,Village A,2025-12-24,True
192,1,1,Student 192,Other,9,North Delhi,Village E,2026-02-26,True
193,1,1,Student 193,Female,18,South Delhi,Village E,2026-06-11,True
194,1,1,Student 194,Male,14,East Delhi,Village B,2026-04-17,True
195,1,1,Student 195,Male,11,South Delhi,Village E,2025-12-29,True
196,1,1,Student 196,Female,6,South Delhi,Village D,2025-09-16,True
197,1,3,Student 197,Male,13,West Delhi,Village C,2025-09-23,True
198,1,2,Student 198,Other,9,Noida,Village A,2025-09-19,True
199,1,2,Student 199,Other,6,North Delhi,Village D,2025-11-19,False
200,1,3,Student 200,Male,13,Ghaziabad,Village D,2026-05-06,True
201,1,2,Student 201,Other,8,North Delhi,Village B,2026-01-23,True
202,1,2,Student 202,Other,14,East Delhi,Village D,2025-09-27,False
203,1,1,Student 203,Other,7,Ghaziabad,Village E,2026-02-22,False
204,1,2,Student 204,Male,12,East Delhi,Village D,2025-11-20,False
205,1,3,Student 205,Male,11,West Delhi,Village C,2026-02-02,True
206,1,1,Student 206,Other,13,North Delhi,Village A,2026-04-30,True
207,1,2,Student 207,Male,17,Ghaziabad,Village C,2026-04-07,True
208,1,3,Student 208,Other,14,East Delhi,Village A,2025-11-14,True
209,1,3,Student 209,Female,17,North Delhi,Village C,2026-01-04,True
210,1,1,Student 210,Other,14,South Delhi,Village B,2025-10-09,True
211,1,1,Student 211,Female,14,East Delhi,Village A,2026-01-21,True
212,1,2,Student 212,Other,18,Noida,Village E,2025-08-31,True
213,1,3,Student 213,Other,17,East Delhi,Village A,2026-03-12,True
214,1,3,Student 214,Female,11,East Delhi,Village A,2026-03-12,True
215,1,3,Student 215,Other,12,North Delhi,Village B,2026-05-28,True
216,1,3,Student 216,Other,9,West Delhi,Village D,2025-10-23,True
217,1,1,Student 217,Female,10,Ghaziabad,Village C,2025-08-26,True
218,1,1,Student 218,Male,8,Noida,Village A,2026-05-02,True
219,1,2,Student 219,Other,12,West Delhi,Village E,2025-10-29,False
220,1,2,Student 220,Male,18,Noida,Village A,2025-12-18,False
221,1,1,Student 221,Female,16,Ghaziabad,Village E,2025-10-06,True
222,1,1,Student 222,Male,12,Noida,Village A,2026-06-09,True
223,1,2,Student 223,Male,18,South Delhi,Village C,2026-01-15,True
224,1,1,Student 224,Male,13,Ghaziabad,Village D,2026-03-15,True
225,1,2,Student 225,Other,17,South Delhi,Village E,2025-08-30,True
226,1,1,Student 226,Female,17,North Delhi,Village D,2026-06-03,False
227,1,1,Student 227,Female,15,West Delhi,Village E,2025-11-17,False
228,1,2,Student 228,Male,12,North Delhi,Village C,2026-03-17,False
229,1,3,Student 229,Female,7,West Delhi,Village A,2026-02-08,False
230,1,3,Student 230,Female,14,North Delhi,Village D,2026-01-05,True
231,1,1,Student 231,Female,18,South Delhi,Village A,2025-09-24,True
232,1,3,Student 232,Other,9,East Delhi,Village C,2026-03-29,True
233,1,1,Student 233,Male,10,South Delhi,Village B,2026-03-26,True
234,1,1,Student 234,Other,13,West Delhi,Village E,2025-08-20,False
235,1,3,Student 235,Other,16,Ghaziabad,Village E,2025-12-29,True
236,1,1,Student 236,Female,7,West Delhi,Village D,2026-01-08,True
237,1,3,Student 237,Male,11,Noida,Village A,2026-01-05,False
238,1,2,Student 238,Male,6,East Delhi,Village C,2026-05-04,True
239,1,3,Student 239,Other,14,West Delhi,Village D,2025-08-19,True
240,1,2,Student 240,Other,16,South Delhi,Village C,2025-10-12,True
241,1,1,Student 241,Female,7,East Delhi,Village A,2025-09-27,True
242,1,1,Student 242,Male,17,West Delhi,Village D,2025-09-17,True
243,1,2,Student 243,Female,10,West Delhi,Village D,2025-12-21,True
244,1,3,Student 244,Other,11,North Delhi,Village C,2026-04-25,False
245,1,2,Student 245,Female,17,Ghaziabad,Village E,2026-03-28,True
246,1,1,Student 246,Other,16,South Delhi,Village C,2026-01-05,False
247,1,1,Student 247,Other,17,North Delhi,Village C,2025-08-30,False
248,1,3,Student 248,Female,8,Ghaziabad,Village E,2026-04-26,False
249,1,3,Student 249,Female,6,East Delhi,Village C,2026-03-12,True
250,1,2,Student 250,Female,9,South Delhi,Village B,2026-03-25,True
251,1,2,Student 251,Male,14,Noida,Village E,2026-05-24,True
252,1,3,Student 252,Male,15,West Delhi,Village B,2026-03-21,True
253,1,3,Student 253,Other,18,South Delhi,Village D,2026-05-21,False
254,1,2,Student 254,Other,17,South Delhi,Village D,2026-01-18,False
255,1,1,Student 255,Other,9,East Delhi,Village D,2026-03-05,True
256,1,3,Student 256,Other,13,West Delhi,Village C,2025-11-29,False
257,1,1,Student 257,Male,18,Noida,Village B,2026-02-04,True
258,1,3,Student 258,Female,11,Noida,Village A,2025-09-21,True
259,1,2,Student 259,Male,18,South Delhi,Village C,2025-10-25,True
260,1,2,Student 260,Male,9,West Delhi,Village C,2026-05-30,False
261,1,1,Student 261,Female,14,East Delhi,Village B,2025-11-27,True
262,1,2,Student 262,Male,6,East Delhi,Village A,2025-12-23,True
263,1,1,Student 263,Male,10,West Delhi,Village B,2025-10-15,False
264,1,3,Student 264,Male,7,North Delhi,Village C,2026-02-22,True
265,1,3,Student 265,Other,15,Noida,Village D,2026-04-17,True
266,1,1,Student 266,Female,7,North Delhi,Village B,2025-11-10,False
267,1,1,Student 267,Male,13,Noida,Village E,2026-06-04,True
268,1,3,Student 268,Male,10,West Delhi,Village A,2025-12-14,True
269,1,3,Student 269,Female,8,Ghaziabad,Village A,2025-09-17,True
270,1,1,Student 270,Other,14,Noida,Village E,2025-09-02,True
271,1,2,Student 271,Female,6,Ghaziabad,Village D,2025-12-03,True
272,1,3,Student 272,Male,11,North Delhi,Village C,2026-02-09,True
273,1,3,Student 273,Other,18,East Delhi,Village B,2026-05-21,True
274,1,3,Student 274,Female,16,South Delhi,Village D,2025-10-10,True
275,1,1,Student 275,Male,17,West Delhi,Village A,2026-01-13,True
276,1,1,Student 276,Male,6,East Delhi,Village C,2025-09-22,False
277,1,3,Student 277,Female,10,North Delhi,Village B,2026-01-17,True
278,1,1,Student 278,Other,11,East Delhi,Village A,2025-12-06,False
279,1,2,Student 279,Other,13,West Delhi,Village C,2026-03-09,False
280,1,3,Student 280,Female,11,Noida,Village C,2026-05-01,False
281,1,1,Student 281,Female,15,South Delhi,Village E,2026-01-13,True
282,1,1,Student 282,Male,11,Ghaziabad,Village C,2026-01-07,False
283,1,3,Student 283,Other,12,South Delhi,Village D,2025-12-15,False
284,1,1,Student 284,Other,11,Noida,Village D,2026-01-23,True
285,1,1,Student 285,Other,16,West Delhi,Village C,2025-09-23,True
286,1,1,Student 286,Male,15,Ghaziabad,Village D,2026-05-26,True
287,1,1,Student 287,Male,18,Ghaziabad,Village C,2025-12-09,False
288,1,3,Student 288,Male,15,South Delhi,Village D,2025-12-05,True
289,1,2,Student 289,Male,15,South Delhi,Village E,2025-12-07,False
290,1,2,Student 290,Other,10,South Delhi,Village A,2026-05-30,True
291,1,2,Student 291,Other,12,Noida,Village A,2026-01-29,True
292,1,3,Student 292,Female,9,Noida,Village C,2025-10-04,True
293,1,1,Student 293,Male,7,West Delhi,Village B,2025-10-28,True
294,1,3,Student 294,Female,16,East Delhi,Village A,2025-09-04,True
295,1,2,Student 295,Male,17,Ghaziabad,Village B,2025-12-09,True
296,1,1,Student 296,Male,18,South Delhi,Village B,2025-10-03,True
297,1,2,Student 297,Other,15,East Delhi,Village D,2025-09-03,True
298,1,3,Student 298,Male,7,East Delhi,Village D,2025-10-10,False
299,1,2,Student 299,Other,7,South Delhi,Village C,2026-05-06,False
300,1,2,Student 300,Other,14,East Delhi,Village B,2025-09-03,True
301,1,1,Student 301,Female,14,North Delhi,Village A,2025-09-20,True
302,1,2,Student 302,Male,8,East Delhi,Village B,2025-12-17,True
303,1,1,Student 303,Female,9,Ghaziabad,Village E,2026-01-23,True
304,1,3,Student 304,Female,15,Noida,Village A,2025-09-28,True
305,1,3,Student 305,Other,8,South Delhi,Village E,2025-12-22,True
306,1,1,Student 306,Male,6,Ghaziabad,Village E,2026-01-28,True
307,1,3,Student 307,Female,15,Ghaziabad,Village A,2025-10-01,True
308,1,3,Student 308,Female,13,South Delhi,Village D,2026-01-11,False
309,1,1,Student 309,Other,6,South Delhi,Village D,2025-11-12,False
310,1,2,Student 310,Male,11,Noida,Village B,2026-01-03,True
311,1,3,Student 311,Female,12,South Delhi,Village C,2025-09-22,True
312,1,2,Student 312,Male,13,North Delhi,Village C,2025-10-25,True
313,1,1,Student 313,Male,6,East Delhi,Village D,2025-11-10,True
314,1,1,Student 314,Female,15,Ghaziabad,Village C,2026-03-07,True
315,1,2,Student 315,Other,13,West Delhi,Village C,2025-10-01,True
316,1,1,Student 316,Female,14,West Delhi,Village B,2026-02-22,True
317,1,1,Student 317,Male,10,West Delhi,Village E,2025-10-15,True
318,1,3,Student 318,Male,7,West Delhi,Village B,2026-01-28,True
319,1,2,Student 319,Female,6,West Delhi,Village A,2025-08-25,True
320,1,2,Student 320,Other,10,North Delhi,Village D,2025-09-27,False
321,1,3,Student 321,Female,15,Ghaziabad,Village E,2026-04-13,True
322,1,1,Student 322,Female,11,East Delhi,Village E,2025-12-07,True
323,1,1,Student 323,Other,14,West Delhi,Village E,2026-05-23,True
324,1,1,Student 324,Male,17,East Delhi,Village D,2025-09-20,False
325,1,1,Student 325,Other,14,South Delhi,Village C,2025-12-31,True
326,1,2,Student 326,Other,17,East Delhi,Village E,2025-12-22,False
327,1,3,Student 327,Other,10,West Delhi,Village A,2025-12-06,True
328,1,3,Student 328,Male,12,Noida,Village C,2026-05-30,False
329,1,2,Student 329,Other,18,Noida,Village E,2026-02-16,True
330,1,3,Student 330,Female,8,Noida,Village E,2025-11-30,True
331,1,3,Student 331,Male,6,Noida,Village A,2026-03-07,True
332,1,2,Student 332,Female,12,South Delhi,Village D,2026-02-28,False
333,1,3,Student 333,Other,13,Ghaziabad,Village A,2026-04-03,True
334,1,3,Student 334,Female,16,West Delhi,Village E,2025-12-02,True
335,1,1,Student 335,Female,14,East Delhi,Village E,2025-12-13,True
336,1,3,Student 336,Female,9,South Delhi,Village C,2025-08-31,True
337,1,1,Student 337,Female,18,East Delhi,Village B,2025-10-05,True
338,1,2,Student 338,Female,14,Ghaziabad,Village C,2026-01-16,True
339,1,3,Student 339,Other,14,West Delhi,Village D,2025-12-18,True
340,1,2,Student 340,Male,10,Ghaziabad,Village A,2025-12-17,False
341,1,3,Student 341,Female,17,West Delhi,Village B,2026-03-01,True
342,1,3,Student 342,Other,10,South Delhi,Village A,2026-02-10,True
343,1,1,Student 343,Other,14,South Delhi,Village B,2026-05-17,True
344,1,2,Student 344,Female,17,West Delhi,Village A,2026-04-03,True
345,1,3,Student 345,Male,12,Ghaziabad,Village D,2025-10-11,True
346,1,2,Student 346,Female,10,Ghaziabad,Village A,2026-04-28,True
347,1,3,Student 347,Other,17,North Delhi,Village B,2025-11-11,True
348,1,1,Student 348,Female,18,West Delhi,Village B,2026-01-15,True
349,1,1,Student 349,Female,15,Noida,Village A,2025-12-23,True
350,1,2,Student 350,Other,14,Noida,Village D,2026-04-05,False
351,1,2,Student 351,Male,18,North Delhi,Village C,2026-03-21,False
352,1,3,Student 352,Female,17,South Delhi,Village A,2025-12-22,True
353,1,3,Student 353,Other,18,South Delhi,Village B,2025-11-17,False
354,1,3,Student 354,Female,7,West Delhi,Village A,2026-03-10,True
355,1,2,Student 355,Female,9,North Delhi,Village C,2025-11-28,True
356,1,2,Student 356,Female,11,East Delhi,Village E,2025-08-23,True
357,1,2,Student 357,Other,11,Ghaziabad,Village B,2026-05-12,True
358,1,2,Student 358,Female,8,West Delhi,Village E,2026-01-04,True
359,1,3,Student 359,Female,11,Noida,Village B,2026-02-20,True
360,1,2,Student 360,Male,13,Ghaziabad,Village E,2025-12-03,False
361,1,3,Student 361,Other,13,Noida,Village B,2026-02-06,True
362,1,3,Student 362,Female,14,Ghaziabad,Village C,2026-05-04,True
363,1,1,Student 363,Other,14,South Delhi,Village E,2025-09-11,True
364,1,1,Student 364,Female,14,West Delhi,Village A,2026-02-27,False
365,1,1,Student 365,Other,13,North Delhi,Village D,2026-04-06,False
366,1,2,Student 366,Other,6,Noida,Village D,2026-01-06,True
367,1,2,Student 367,Female,6,Ghaziabad,Village B,2025-08-20,True
368,1,1,Student 368,Female,11,Ghaziabad,Village A,2025-09-08,True
369,1,1,Student 369,Female,6,East Delhi,Village D,2026-03-12,True
370,1,3,Student 370,Other,16,West Delhi,Village C,2025-11-29,False
371,1,2,Student 371,Female,7,Ghaziabad,Village E,2026-04-05,True
372,1,1,Student 372,Male,14,West Delhi,Village E,2026-04-08,True
373,1,1,Student 373,Male,10,West Delhi,Village E,2025-11-07,False
374,1,1,Student 374,Male,13,East Delhi,Village B,2026-01-22,True
375,1,3,Student 375,Male,6,Ghaziabad,Village D,2026-06-04,True
376,1,1,Student 376,Male,7,Noida,Village A,2025-10-27,True
377,1,1,Student 377,Other,6,West Delhi,Village D,2026-02-13,True
378,1,1,Student 378,Male,14,East Delhi,Village B,2025-08-22,True
379,1,3,Student 379,Other,18,Ghaziabad,Village C,2026-02-11,True
380,1,1,Student 380,Other,14,South Delhi,Village D,2026-01-10,True
381,1,1,Student 381,Other,15,Ghaziabad,Village B,2025-11-06,False
382,1,1,Student 382,Female,16,Ghaziabad,Village D,2025-09-17,True
383,1,3,Student 383,Female,12,South Delhi,Village C,2025-12-02,True
384,1,3,Student 384,Female,9,South Delhi,Village C,2026-03-31,False
385,1,1,Student 385,Other,12,West Delhi,Village E,2025-09-14,True
386,1,2,Student 386,Male,10,South Delhi,Village C,2026-05-03,False
387,1,2,Student 387,Male,14,Ghaziabad,Village B,2026-05-17,True
388,1,2,Student 388,Other,15,Noida,Village A,2026-05-06,True
389,1,3,Student 389,Other,16,Noida,Village B,2025-10-10,True
390,1,2,Student 390,Female,6,South Delhi,Village B,2026-04-13,False
391,1,1,Student 391,Other,15,Ghaziabad,Village B,2025-11-21,True
392,1,3,Student 392,Female,18,East Delhi,Village D,2025-10-17,True
393,1,2,Student 393,Female,11,Noida,Village D,2025-10-17,True
394,1,3,Student 394,Female,18,East Delhi,Village B,2025-12-05,True
395,1,2,Student 395,Male,15,South Delhi,Village B,2026-06-04,True
396,1,3,Student 396,Other,15,Ghaziabad,Village D,2026-01-12,True
397,1,1,Student 397,Female,9,West Delhi,Village E,2026-02-07,False
398,1,3,Student 398,Other,16,East Delhi,Village C,2025-10-05,False
399,1,2,Student 399,Male,17,East Delhi,Village B,2026-04-02,False
400,1,1,Student 400,Other,16,North Delhi,Village E,2026-05-26,True
401,1,3,Student 401,Male,18,North Delhi,Village D,2026-04-03,True
402,1,1,Student 402,Other,8,North Delhi,Village B,2025-09-27,False
403,1,2,Student 403,Male,15,Ghaziabad,Village E,2025-10-08,False
404,1,1,Student 404,Male,14,Noida,Village D,2026-06-06,True
405,1,3,Student 405,Other,10,Noida,Village C,2026-06-04,False
406,1,1,Student 406,Male,7,Noida,Village B,2026-02-09,True
407,1,3,Student 407,Other,10,East Delhi,Village C,2025-11-21,True
408,1,2,Student 408,Female,13,Noida,Village B,2026-02-17,True
409,1,3,Student 409,Male,16,Ghaziabad,Village A,2026-04-26,False
410,1,2,Student 410,Female,14,West Delhi,Village A,2026-06-08,True
411,1,1,Student 411,Female,12,Ghaziabad,Village C,2025-08-27,True
412,1,3,Student 412,Male,9,South Delhi,Village E,2025-10-12,True
413,1,1,Student 413,Male,16,East Delhi,Village E,2025-08-28,True
414,1,1,Student 414,Female,6,South Delhi,Village E,2026-03-31,False
415,1,1,Student 415,Female,8,Noida,Village B,2025-08-26,False
416,1,3,Student 416,Other,11,West Delhi,Village B,2026-05-03,True
417,1,1,Student 417,Male,12,South Delhi,Village A,2025-12-20,False
418,1,2,Student 418,Male,16,East Delhi,Village D,2025-10-04,True
419,1,2,Student 419,Other,12,West Delhi,Village B,2025-08-17,False
420,1,1,Student 420,Other,10,South Delhi,Village A,2026-05-01,True
421,1,1,Student 421,Female,17,Ghaziabad,Village B,2025-11-25,True
422,1,2,Student 422,Male,7,North Delhi,Village C,2025-10-28,True
423,1,2,Student 423,Male,8,North Delhi,Village B,2025-11-04,False
424,1,3,Student 424,Other,14,West Delhi,Village A,2026-05-30,True
425,1,2,Student 425,Other,7,Noida,Village E,2025-12-28,False
426,1,1,Student 426,Female,12,West Delhi,Village A,2025-08-30,True
427,1,3,Student 427,Other,8,Ghaziabad,Village D,2026-03-18,True
428,1,2,Student 428,Female,10,West Delhi,Village B,2026-05-11,True
429,1,2,Student 429,Female,12,East Delhi,Village D,2026-05-04,True
430,1,2,Student 430,Male,17,Ghaziabad,Village D,2026-03-04,False
431,1,1,Student 431,Male,10,North Delhi,Village D,2025-12-24,False
432,1,2,Student 432,Female,11,West Delhi,Village E,2026-04-04,True
433,1,2,Student 433,Other,17,South Delhi,Village D,2026-01-03,True
434,1,2,Student 434,Female,10,Ghaziabad,Village D,2025-08-22,True
435,1,2,Student 435,Female,10,West Delhi,Village C,2026-04-15,True
436,1,3,Student 436,Other,8,Ghaziabad,Village E,2026-05-30,False
437,1,3,Student 437,Male,13,East Delhi,Village A,2025-11-15,False
438,1,1,Student 438,Other,10,South Delhi,Village C,2026-03-26,False
439,1,2,Student 439,Male,13,Noida,Village D,2025-08-18,False
440,1,3,Student 440,Other,17,West Delhi,Village E,2026-05-25,True
441,1,3,Student 441,Other,15,Ghaziabad,Village A,2026-04-18,True
442,1,3,Student 442,Other,11,South Delhi,Village E,2026-05-21,False
443,1,2,Student 443,Female,7,North Delhi,Village A,2026-01-31,True
444,1,3,Student 444,Other,14,Noida,Village E,2025-08-22,True
445,1,2,Student 445,Female,12,West Delhi,Village E,2025-09-29,True
446,1,2,Student 446,Male,13,North Delhi,Village C,2025-11-12,True
447,1,1,Student 447,Other,8,East Delhi,Village C,2025-12-19,False
448,1,1,Student 448,Other,13,East Delhi,Village D,2026-04-24,False
449,1,3,Student 449,Other,13,East Delhi,Village A,2026-01-10,True
450,1,3,Student 450,Male,6,East Delhi,Village A,2026-03-20,True
451,1,3,Student 451,Male,14,South Delhi,Village C,2025-08-30,False
452,1,2,Student 452,Male,18,West Delhi,Village B,2026-03-09,False
453,1,2,Student 453,Male,17,Noida,Village B,2025-10-25,False
454,1,2,Student 454,Male,17,South Delhi,Village B,2026-01-21,True
455,1,3,Student 455,Male,18,Noida,Village B,2025-12-07,True
456,1,1,Student 456,Female,7,East Delhi,Village D,2025-09-15,True
457,1,3,Student 457,Female,15,West Delhi,Village E,2026-04-15,True
458,1,2,Student 458,Female,15,South Delhi,Village C,2026-04-30,True
459,1,2,Student 459,Male,9,East Delhi,Village A,2026-03-11,True
460,1,3,Student 460,Male,14,West Delhi,Village D,2026-04-03,False
461,1,2,Student 461,Male,13,Ghaziabad,Village E,2026-03-16,True
462,1,2,Student 462,Female,8,South Delhi,Village C,2025-10-25,True
463,1,2,Student 463,Male,13,South Delhi,Village B,2025-11-28,False
464,1,2,Student 464,Other,13,West Delhi,Village D,2025-10-05,True
465,1,1,Student 465,Other,6,South Delhi,Village C,2026-05-27,True
466,1,1,Student 466,Other,10,South Delhi,Village D,2025-08-27,False
467,1,3,Student 467,Other,7,Noida,Village A,2026-01-26,True
468,1,3,Student 468,Male,18,Ghaziabad,Village D,2025-09-06,True
469,1,2,Student 469,Male,17,Ghaziabad,Village B,2026-01-11,True
470,1,2,Student 470,Female,11,North Delhi,Village D,2026-04-13,True
471,1,1,Student 471,Other,15,Ghaziabad,Village C,2025-11-05,True
472,1,3,Student 472,Male,18,South Delhi,Village B,2026-05-13,True
473,1,3,Student 473,Female,15,Noida,Village B,2025-12-29,True
474,1,2,Student 474,Other,10,Noida,Village A,2026-04-04,False
475,1,1,Student 475,Female,16,South Delhi,Village B,2026-02-05,True
476,1,3,Student 476,Female,9,Ghaziabad,Village D,2025-10-05,True
477,1,3,Student 477,Other,10,Ghaziabad,Village D,2025-12-02,False
478,1,1,Student 478,Other,18,North Delhi,Village D,2025-09-22,True
479,1,3,Student 479,Female,13,West Delhi,Village C,2025-08-19,True
480,1,3,Student 480,Male,17,West Delhi,Village C,2026-05-11,False
481,1,1,Student 481,Female,9,West Delhi,Village C,2025-12-29,True
482,1,2,Student 482,Other,15,South Delhi,Village E,2025-10-07,True
483,1,3,Student 483,Male,6,North Delhi,Village D,2026-06-04,True
484,1,1,Student 484,Female,13,North Delhi,Village D,2026-03-01,True
485,1,3,Student 485,Female,8,East Delhi,Village A,2025-12-10,True
486,1,1,Student 486,Female,16,Ghaziabad,Village B,2026-05-17,False
487,1,3,Student 487,Female,17,Ghaziabad,Village B,2025-11-05,True
488,1,3,Student 488,Male,6,South Delhi,Village D,2026-05-04,True
489,1,3,Student 489,Male,14,Ghaziabad,Village D,2026-06-08,True
490,1,3,Student 490,Female,7,West Delhi,Village B,2025-10-11,True
491,1,1,Student 491,Female,7,Ghaziabad,Village A,2026-04-21,True
492,1,2,Student 492,Female,8,West Delhi,Village B,2026-03-31,True
493,1,3,Student 493,Other,6,Noida,Village B,2025-10-30,True
494,1,3,Student 494,Male,16,Ghaziabad,Village B,2025-11-14,False
495,1,1,Student 495,Male,7,South Delhi,Village A,2025-11-28,True
496,1,2,Student 496,Female,18,South Delhi,Village B,2026-01-22,True
497,1,1,Student 497,Other,15,Noida,Village E,2026-01-18,True
498,1,3,Student 498,Female,9,Noida,Village E,2025-09-25,True
499,1,3,Student 499,Female,10,Ghaziabad,Village A,2026-02-10,False
500,1,2,Student 500,Male,9,West Delhi,Village E,2026-05-07,True
501,1,2,Student 501,Female,8,West Delhi,Village E,2025-11-09,True
502,1,3,Student 502,Other,8,West Delhi,Village A,2026-06-04,True
503,1,1,Student 503,Female,9,North Delhi,Village A,2025-11-21,True
504,1,3,Student 504,Other,14,West Delhi,Village D,2025-11-19,True
505,1,3,Student 505,Other,14,Noida,Village B,2026-01-21,True
506,1,2,Student 506,Male,14,South Delhi,Village B,2025-09-11,True
507,1,2,Student 507,Other,16,Ghaziabad,Village A,2026-01-05,False
508,1,3,Student 508,Male,6,South Delhi,Village A,2025-11-02,True
509,1,2,Student 509,Other,15,North Delhi,Village C,2026-03-15,True
510,1,1,Student 510,Other,8,Ghaziabad,Village A,2026-03-21,False
511,1,2,Student 511,Other,14,Ghaziabad,Village C,2026-03-19,True
512,1,1,Student 512,Other,18,East Delhi,Village A,2026-05-28,True
513,1,2,Student 513,Female,14,North Delhi,Village C,2025-08-21,True
514,1,2,Student 514,Female,14,East Delhi,Village A,2025-09-30,True
515,1,2,Student 515,Male,10,North Delhi,Village E,2026-04-14,True
516,1,3,Student 516,Other,6,North Delhi,Village A,2026-02-07,True
517,1,2,Student 517,Female,12,South Delhi,Village B,2026-05-25,False
518,1,1,Student 518,Female,9,West Delhi,Village C,2026-01-25,True
519,1,3,Student 519,Female,7,Noida,Village A,2026-03-13,True
520,1,3,Student 520,Male,12,North Delhi,Village D,2026-01-19,True
521,1,2,Student 521,Male,14,West Delhi,Village A,2025-12-06,True
522,1,2,Student 522,Other,18,East Delhi,Village E,2026-02-08,False
523,1,2,Student 523,Other,13,South Delhi,Village E,2026-02-07,True
524,1,1,Student 524,Female,6,South Delhi,Village E,2025-12-17,True
525,1,2,Student 525,Male,18,Ghaziabad,Village D,2026-01-06,True
526,1,1,Student 526,Other,9,West Delhi,Village D,2026-05-13,True
527,1,3,Student 527,Female,7,North Delhi,Village B,2025-09-19,False
528,1,3,Student 528,Female,13,Ghaziabad,Village A,2025-08-19,True
529,1,3,Student 529,Male,16,West Delhi,Village A,2025-08-26,True
530,1,2,Student 530,Other,8,South Delhi,Village C,2026-01-30,True
531,1,2,Student 531,Other,17,East Delhi,Village C,2025-10-24,True
532,1,1,Student 532,Male,9,South Delhi,Village E,2026-04-18,True
533,1,1,Student 533,Male,13,West Delhi,Village C,2025-11-16,True
534,1,3,Student 534,Female,18,South Delhi,Village D,2026-01-06,False
535,1,2,Student 535,Male,7,South Delhi,Village C,2026-05-23,True
536,1,2,Student 536,Male,7,Ghaziabad,Village B,2025-12-12,False
537,1,3,Student 537,Male,16,East Delhi,Village C,2026-03-15,True
538,1,2,Student 538,Female,14,Ghaziabad,Village E,2026-02-05,True
539,1,2,Student 539,Male,18,South Delhi,Village A,2026-06-06,True
540,1,1,Student 540,Male,9,West Delhi,Village C,2026-04-30,True
541,1,1,Student 541,Male,7,South Delhi,Village D,2026-04-08,True
542,1,2,Student 542,Male,6,West Delhi,Village A,2026-03-18,False
543,1,3,Student 543,Female,13,North Delhi,Village D,2025-11-06,True
544,1,2,Student 544,Male,8,East Delhi,Village C,2025-10-27,True
545,1,1,Student 545,Other,15,Noida,Village B,2026-01-12,False
546,1,2,Student 546,Other,13,North Delhi,Village A,2026-01-20,False
547,1,1,Student 547,Female,9,Ghaziabad,Village E,2026-02-05,True
548,1,2,Student 548,Other,11,West Delhi,Village E,2025-10-07,True
549,1,3,Student 549,Other,11,West Delhi,Village C,2026-03-12,True
550,1,2,Student 550,Other,9,North Delhi,Village C,2026-05-14,False
551,1,3,Student 551,Female,18,Noida,Village B,2026-03-23,True
552,1,1,Student 552,Other,9,East Delhi,Village E,2026-05-15,True
553,1,3,Student 553,Female,11,South Delhi,Village B,2026-02-11,True
554,1,3,Student 554,Other,11,Noida,Village A,2025-12-14,True
555,1,3,Student 555,Male,18,West Delhi,Village E,2026-01-05,True
556,1,2,Student 556,Male,7,North Delhi,Village B,2026-02-20,True
557,1,3,Student 557,Female,6,East Delhi,Village E,2026-03-01,True
558,1,2,Student 558,Other,8,East Delhi,Village A,2026-06-01,True
559,1,3,Student 559,Other,8,North Delhi,Village E,2025-12-08,True
560,1,2,Student 560,Other,16,West Delhi,Village E,2026-04-22,True
561,1,2,Student 561,Female,8,South Delhi,Village D,2025-10-06,True
562,1,1,Student 562,Other,14,Ghaziabad,Village E,2025-12-12,True
563,1,3,Student 563,Other,8,West Delhi,Village C,2026-01-13,True
564,1,1,Student 564,Other,6,Ghaziabad,Village E,2025-11-24,True
565,1,1,Student 565,Other,11,Noida,Village B,2025-08-27,True
566,1,2,Student 566,Male,11,Ghaziabad,Village A,2026-02-11,True
567,1,2,Student 567,Male,16,North Delhi,Village C,2025-10-27,True
568,1,2,Student 568,Male,9,Ghaziabad,Village A,2025-12-15,True
569,1,1,Student 569,Other,6,North Delhi,Village D,2025-10-31,False
570,1,1,Student 570,Female,13,West Delhi,Village C,2025-09-06,False
571,1,1,Student 571,Female,18,Noida,Village B,2026-03-21,False
572,1,1,Student 572,Male,10,North Delhi,Village C,2026-01-30,True
573,1,1,Student 573,Female,8,West Delhi,Village B,2026-05-05,True
574,1,2,Student 574,Other,15,West Delhi,Village A,2025-11-04,True
575,1,3,Student 575,Female,8,North Delhi,Village A,2025-12-25,True
576,1,1,Student 576,Female,17,Noida,Village E,2026-01-28,True
577,1,2,Student 577,Male,7,North Delhi,Village D,2025-08-24,False
578,1,1,Student 578,Male,11,North Delhi,Village D,2026-04-29,True
579,1,3,Student 579,Other,15,West Delhi,Village B,2026-04-24,True
580,1,1,Student 580,Male,16,East Delhi,Village A,2025-10-13,True
581,1,2,Student 581,Female,13,West Delhi,Village C,2026-04-27,False
582,1,1,Student 582,Female,12,East Delhi,Village B,2025-10-27,True
583,1,2,Student 583,Female,13,East Delhi,Village B,2026-01-26,True
584,1,1,Student 584,Other,16,North Delhi,Village A,2025-12-18,False
585,1,3,Student 585,Male,14,North Delhi,Village D,2025-09-18,False
586,1,3,Student 586,Other,13,Noida,Village B,2025-10-12,True
587,1,1,Student 587,Female,17,North Delhi,Village E,2025-08-24,True
588,1,1,Student 588,Female,8,South Delhi,Village B,2026-03-06,True
589,1,1,Student 589,Female,7,Ghaziabad,Village D,2026-03-01,True
590,1,3,Student 590,Female,11,Ghaziabad,Village A,2026-04-29,False
591,1,3,Student 591,Female,14,East Delhi,Village C,2025-09-19,False
592,1,1,Student 592,Other,15,Noida,Village E,2025-11-10,True
593,1,2,Student 593,Male,8,Noida,Village E,2025-08-18,True
594,1,1,Student 594,Other,18,North Delhi,Village C,2025-09-11,True
595,1,2,Student 595,Female,12,Ghaziabad,Village D,2025-08-24,False
596,1,1,Student 596,Male,10,West Delhi,Village B,2025-11-19,True
597,1,2,Student 597,Female,17,South Delhi,Village A,2025-10-12,True
598,1,2,Student 598,Male,11,East Delhi,Village C,2026-01-20,False
599,1,3,Student 599,Other,7,South Delhi,Village B,2026-01-10,False
600,1,2,Student 600,Female,17,West Delhi,Village E,2026-04-28,True
601,1,2,Student 601,Male,12,Ghaziabad,Village D,2025-09-21,True
602,1,1,Student 602,Other,18,South Delhi,Village A,2026-01-04,False
603,1,1,Student 603,Other,15,North Delhi,Village B,2026-03-06,True
604,1,1,Student 604,Male,6,West Delhi,Village A,2025-12-10,True
605,1,2,Student 605,Female,13,Noida,Village D,2026-04-10,True
606,1,1,Student 606,Female,13,Noida,Village D,2026-03-14,False
607,1,3,Student 607,Other,11,East Delhi,Village B,2026-01-31,True
608,1,2,Student 608,Male,12,North Delhi,Village B,2025-08-24,True
609,1,1,Student 609,Other,9,Ghaziabad,Village B,2026-01-26,False
610,1,3,Student 610,Male,18,Ghaziabad,Village A,2025-10-13,True
611,1,3,Student 611,Male,15,North Delhi,Village B,2026-02-03,True
612,1,3,Student 612,Other,16,East Delhi,Village D,2025-12-02,True
613,1,2,Student 613,Female,9,West Delhi,Village C,2025-09-19,False
614,1,3,Student 614,Male,6,Noida,Village C,2025-08-29,True
615,1,2,Student 615,Other,7,West Delhi,Village A,2025-12-22,True
616,1,3,Student 616,Female,10,East Delhi,Village C,2026-03-08,True
617,1,3,Student 617,Male,6,Noida,Village D,2025-12-31,True
618,1,3,Student 618,Male,16,West Delhi,Village C,2026-01-31,False
619,1,2,Student 619,Female,17,North Delhi,Village E,2025-08-24,True
620,1,2,Student 620,Other,17,South Delhi,Village E,2025-10-12,True
621,1,3,Student 621,Female,8,Ghaziabad,Village E,2026-03-12,True
622,1,1,Student 622,Female,8,Ghaziabad,Village C,2025-08-30,True
623,1,3,Student 623,Female,16,North Delhi,Village B,2025-12-13,True
624,1,3,Student 624,Female,12,East Delhi,Village C,2026-01-30,True
625,1,2,Student 625,Male,13,North Delhi,Village E,2025-08-19,True
626,1,2,Student 626,Male,14,North Delhi,Village D,2025-09-14,True
627,1,2,Student 627,Male,8,South Delhi,Village B,2025-12-19,False
628,1,3,Student 628,Female,8,East Delhi,Village B,2026-05-02,False
629,1,2,Student 629,Other,8,East Delhi,Village A,2026-06-10,False
630,1,2,Student 630,Male,18,South Delhi,Village E,2026-03-23,False
631,1,1,Student 631,Male,15,West Delhi,Village D,2025-11-18,False
632,1,2,Student 632,Female,6,North Delhi,Village E,2026-03-02,True
633,1,1,Student 633,Female,18,Noida,Village B,2026-06-03,True
634,1,3,Student 634,Other,9,South Delhi,Village C,2026-01-04,True
635,1,1,Student 635,Female,14,Noida,Village C,2026-03-19,True
636,1,1,Student 636,Female,10,West Delhi,Village E,2025-09-17,True
637,1,2,Student 637,Other,8,East Delhi,Village D,2025-12-11,True
638,1,1,Student 638,Female,6,South Delhi,Village B,2026-04-06,True
639,1,3,Student 639,Male,15,Noida,Village B,2026-04-10,True
640,1,3,Student 640,Other,18,North Delhi,Village D,2026-02-02,True
641,1,3,Student 641,Male,16,North Delhi,Village A,2026-05-19,True
642,1,2,Student 642,Female,12,North Delhi,Village E,2026-02-03,False
643,1,3,Student 643,Male,9,Ghaziabad,Village A,2026-01-09,False
644,1,3,Student 644,Male,16,Noida,Village C,2026-04-03,False
645,1,1,Student 645,Other,17,Noida,Village A,2026-01-19,True
646,1,1,Student 646,Female,9,Noida,Village B,2026-01-29,True
647,1,2,Student 647,Other,12,East Delhi,Village B,2026-05-23,False
648,1,1,Student 648,Other,13,East Delhi,Village B,2026-06-11,True
649,1,3,Student 649,Male,7,Noida,Village D,2026-03-28,True
650,1,3,Student 650,Male,17,Ghaziabad,Village A,2026-02-01,True
651,1,2,Student 651,Female,10,West Delhi,Village A,2026-04-22,True
652,1,1,Student 652,Female,11,Ghaziabad,Village C,2025-11-06,True
653,1,1,Student 653,Male,6,South Delhi,Village B,2025-12-26,True
654,1,2,Student 654,Other,10,Ghaziabad,Village A,2025-12-04,True
655,1,1,Student 655,Male,12,West Delhi,Village D,2026-01-24,False
656,1,3,Student 656,Female,18,West Delhi,Village B,2026-04-16,True
657,1,3,Student 657,Other,6,South Delhi,Village A,2025-11-11,False
658,1,3,Student 658,Other,13,South Delhi,Village E,2025-11-30,True
659,1,3,Student 659,Male,16,Ghaziabad,Village B,2025-10-08,False
660,1,1,Student 660,Female,13,North Delhi,Village A,2026-01-30,True
661,1,1,Student 661,Other,16,Noida,Village E,2025-08-27,True
662,1,3,Student 662,Female,14,Noida,Village E,2026-04-25,False
663,1,3,Student 663,Other,9,West Delhi,Village C,2025-11-27,True
664,1,3,Student 664,Other,6,North Delhi,Village B,2025-09-27,False
665,1,2,Student 665,Male,7,West Delhi,Village C,2026-02-09,True
666,1,2,Student 666,Male,14,South Delhi,Village E,2025-12-01,False
667,1,1,Student 667,Male,13,West Delhi,Village E,2025-10-26,True
668,1,2,Student 668,Female,11,North Delhi,Village D,2026-06-03,True
669,1,2,Student 669,Female,6,Noida,Village E,2026-06-12,True
670,1,3,Student 670,Other,16,East Delhi,Village E,2025-08-29,True
671,1,3,Student 671,Other,13,East Delhi,Village C,2026-05-16,True
672,1,2,Student 672,Female,14,Noida,Village E,2025-10-13,True
673,1,3,Student 673,Female,7,North Delhi,Village B,2026-06-11,True
674,1,2,Student 674,Other,18,East Delhi,Village E,2025-09-18,True
675,1,3,Student 675,Male,6,South Delhi,Village D,2026-04-02,False
676,1,1,Student 676,Female,15,South Delhi,Village B,2026-04-12,False
677,1,1,Student 677,Female,18,South Delhi,Village C,2026-04-18,False
678,1,1,Student 678,Other,16,Noida,Village A,2025-10-25,False
679,1,3,Student 679,Other,14,South Delhi,Village D,2026-06-10,True
680,1,3,Student 680,Female,15,West Delhi,Village E,2026-03-14,True
681,1,3,Student 681,Male,7,West Delhi,Village E,2025-12-30,False
682,1,2,Student 682,Other,17,South Delhi,Village C,2025-11-21,True
683,1,2,Student 683,Female,18,South Delhi,Village B,2025-11-13,True
684,1,3,Student 684,Other,11,Ghaziabad,Village E,2026-02-21,True
685,1,1,Student 685,Other,17,East Delhi,Village C,2026-04-06,True
686,1,3,Student 686,Other,17,Ghaziabad,Village C,2026-04-14,True
687,1,3,Student 687,Female,15,Noida,Village D,2025-09-12,True
688,1,2,Student 688,Male,14,North Delhi,Village A,2025-11-29,True
689,1,1,Student 689,Other,6,South Delhi,Village C,2026-03-22,True
690,1,3,Student 690,Female,8,North Delhi,Village C,2026-02-28,True
691,1,2,Student 691,Female,7,Noida,Village E,2026-02-18,False
692,1,1,Student 692,Other,18,Ghaziabad,Village C,2026-05-19,False
693,1,2,Student 693,Female,18,Ghaziabad,Village C,2025-09-03,True
694,1,1,Student 694,Other,10,South Delhi,Village E,2025-10-29,True
695,1,3,Student 695,Other,17,Ghaziabad,Village C,2025-09-06,True
696,1,3,Student 696,Male,10,West Delhi,Village B,2026-05-05,True
697,1,1,Student 697,Other,14,North Delhi,Village D,2026-05-23,False
698,1,2,Student 698,Other,10,South Delhi,Village B,2025-08-17,True
699,1,1,Student 699,Female,13,Ghaziabad,Village B,2026-05-23,True
700,1,2,Student 700,Other,6,Ghaziabad,Village E,2026-01-09,False
701,1,3,Student 701,Other,11,North Delhi,Village C,2025-09-16,True
702,1,1,Student 702,Other,7,Noida,Village B,2025-11-12,False
703,1,1,Student 703,Female,9,South Delhi,Village C,2025-12-25,True
704,1,2,Student 704,Male,18,Noida,Village E,2025-10-12,True
705,1,1,Student 705,Other,11,West Delhi,Village B,2026-02-08,True
706,1,3,Student 706,Female,12,North Delhi,Village D,2026-02-01,True
707,1,1,Student 707,Other,18,East Delhi,Village E,2025-09-25,False
708,1,2,Student 708,Male,10,Ghaziabad,Village B,2025-12-30,True
709,1,1,Student 709,Male,18,Noida,Village E,2026-06-09,True
710,1,1,Student 710,Other,16,South Delhi,Village D,2026-04-20,True
711,1,3,Student 711,Other,17,West Delhi,Village A,2026-03-26,True
712,1,2,Student 712,Other,11,North Delhi,Village A,2026-05-06,True
713,1,1,Student 713,Female,14,North Delhi,Village E,2026-02-16,True
714,1,2,Student 714,Female,13,Ghaziabad,Village D,2025-11-03,True
715,1,1,Student 715,Female,16,North Delhi,Village E,2026-06-09,True
716,1,3,Student 716,Other,6,Ghaziabad,Village A,2025-12-11,True
717,1,2,Student 717,Other,10,Noida,Village A,2026-01-19,False
718,1,2,Student 718,Female,16,North Delhi,Village D,2026-03-24,True
719,1,1,Student 719,Other,12,Noida,Village C,2026-03-31,True
720,1,3,Student 720,Other,16,East Delhi,Village A,2025-09-02,True
721,1,1,Student 721,Male,6,Noida,Village E,2025-11-23,True
722,1,2,Student 722,Male,17,Ghaziabad,Village C,2026-02-24,False
723,1,3,Student 723,Other,8,South Delhi,Village B,2026-02-19,True
724,1,1,Student 724,Male,8,Ghaziabad,Village E,2026-05-16,False
725,1,3,Student 725,Other,7,East Delhi,Village A,2026-02-04,True
726,1,1,Student 726,Other,15,West Delhi,Village C,2025-12-12,True
727,1,3,Student 727,Other,9,North Delhi,Village C,2026-05-08,True
728,1,2,Student 728,Female,13,East Delhi,Village E,2026-01-07,True
729,1,3,Student 729,Other,11,East Delhi,Village D,2026-03-18,True
730,1,2,Student 730,Male,18,South Delhi,Village D,2026-01-22,True
731,1,1,Student 731,Other,17,East Delhi,Village D,2025-10-19,False
732,1,2,Student 732,Female,13,Noida,Village A,2026-03-15,True
733,1,2,Student 733,Male,14,South Delhi,Village C,2026-05-04,True
734,1,1,Student 734,Other,16,North Delhi,Village E,2025-08-20,False
735,1,3,Student 735,Male,6,Noida,Village C,2025-09-07,False
736,1,3,Student 736,Male,11,West Delhi,Village B,2026-01-15,True
737,1,2,Student 737,Other,14,North Delhi,Village D,2025-12-08,True
738,1,3,Student 738,Male,18,Noida,Village B,2025-09-22,True
739,1,2,Student 739,Male,8,Noida,Village E,2026-03-30,False
740,1,2,Student 740,Male,9,West Delhi,Village B,2026-05-11,True
741,1,2,Student 741,Male,6,Ghaziabad,Village B,2025-09-20,True
742,1,2,Student 742,Female,13,North Delhi,Village A,2025-12-29,True
743,1,3,Student 743,Other,16,East Delhi,Village C,2025-08-20,True
744,1,2,Student 744,Other,12,East Delhi,Village E,2026-05-04,True
745,1,2,Student 745,Male,14,West Delhi,Village C,2025-12-18,False
746,1,2,Student 746,Other,6,Noida,Village B,2025-10-30,True
747,1,1,Student 747,Male,14,Ghaziabad,Village C,2026-02-24,True
748,1,1,Student 748,Male,11,Noida,Village A,2026-02-15,False
749,1,2,Student 749,Other,7,West Delhi,Village D,2025-10-10,True
750,1,3,Student 750,Male,16,West Delhi,Village A,2026-02-08,True
751,1,1,Student 751,Other,15,South Delhi,Village B,2025-09-23,True
752,1,3,Student 752,Male,6,South Delhi,Village C,2026-03-12,False
753,1,3,Student 753,Other,16,North Delhi,Village C,2026-04-30,True
754,1,2,Student 754,Other,13,West Delhi,Village B,2026-02-20,False
755,1,3,Student 755,Male,18,Noida,Village B,2025-09-24,True
756,1,1,Student 756,Other,16,East Delhi,Village D,2026-05-08,True
757,1,2,Student 757,Female,8,North Delhi,Village A,2026-03-01,False
758,1,1,Student 758,Other,7,South Delhi,Village D,2026-05-24,True
759,1,1,Student 759,Female,16,South Delhi,Village E,2025-09-09,True
760,1,3,Student 760,Other,12,Noida,Village D,2025-12-05,True
761,1,3,Student 761,Other,12,South Delhi,Village D,2025-11-29,True
762,1,3,Student 762,Other,18,Ghaziabad,Village E,2026-04-23,False
763,1,1,Student 763,Female,13,South Delhi,Village A,2026-01-18,False
764,1,2,Student 764,Male,6,Ghaziabad,Village A,2025-08-21,True
765,1,3,Student 765,Male,12,Ghaziabad,Village B,2026-01-02,False
766,1,2,Student 766,Male,8,West Delhi,Village E,2026-02-03,True
767,1,3,Student 767,Female,15,East Delhi,Village E,2026-01-22,False
768,1,1,Student 768,Female,14,Noida,Village D,2026-03-13,True
769,1,3,Student 769,Other,13,East Delhi,Village C,2025-08-21,True
770,1,3,Student 770,Female,17,South Delhi,Village A,2026-02-15,False
771,1,3,Student 771,Male,7,South Delhi,Village E,2025-11-19,True
772,1,3,Student 772,Other,17,Ghaziabad,Village A,2026-03-22,False
773,1,3,Student 773,Male,18,North Delhi,Village B,2025-10-14,False
774,1,1,Student 774,Male,10,South Delhi,Village C,2026-05-03,True
775,1,3,Student 775,Female,12,Noida,Village E,2026-01-17,True
776,1,1,Student 776,Other,13,West Delhi,Village A,2026-03-01,True
777,1,1,Student 777,Male,18,Noida,Village E,2025-09-21,True
778,1,3,Student 778,Male,16,North Delhi,Village C,2026-02-10,True
779,1,1,Student 779,Male,10,West Delhi,Village C,2025-11-22,False
780,1,3,Student 780,Male,14,North Delhi,Village A,2026-04-27,True
781,1,3,Student 781,Other,15,East Delhi,Village C,2026-01-22,True
782,1,3,Student 782,Male,13,West Delhi,Village E,2026-06-10,True
783,1,1,Student 783,Female,14,North Delhi,Village E,2026-05-06,True
784,1,2,Student 784,Male,18,Noida,Village C,2025-09-10,True
785,1,3,Student 785,Female,12,Noida,Village D,2026-02-08,True
786,1,2,Student 786,Other,13,Noida,Village A,2025-10-09,True
787,1,2,Student 787,Male,12,Ghaziabad,Village B,2026-02-15,True
788,1,2,Student 788,Female,14,Noida,Village A,2026-01-29,True
789,1,2,Student 789,Male,12,Ghaziabad,Village C,2026-05-05,True
790,1,2,Student 790,Female,11,South Delhi,Village E,2026-01-26,True
791,1,3,Student 791,Other,9,West Delhi,Village B,2026-02-12,True
792,1,2,Student 792,Male,9,South Delhi,Village B,2025-12-12,True
793,1,1,Student 793,Male,7,Ghaziabad,Village D,2026-06-09,True
794,1,2,Student 794,Female,15,East Delhi,Village D,2025-08-22,True
795,1,2,Student 795,Male,18,Noida,Village C,2025-11-21,True
796,1,3,Student 796,Male,6,Noida,Village D,2025-10-11,True
797,1,3,Student 797,Female,12,Ghaziabad,Village B,2025-10-21,True
798,1,3,Student 798,Other,13,East Delhi,Village A,2026-06-06,True
799,1,2,Student 799,Other,7,East Delhi,Village C,2026-01-31,True
800,1,3,Student 800,Female,9,East Delhi,Village D,2025-12-19,True
